,Title,Company,Location,Rating,Date,Salary,Description,Links,Descriptions
0,Data Scientist,Driven Brands,"Benicia, CA",2.4,PostedPosted 26 days ago,,"You’ll be working alongside a team of eight analysts & data scientists - collaborating to design datasets, develop analytical models & provide insights.",https://www.indeed.com/rc/clk?jk=74d176d595225cd4&fccid=6b546763f210bf41&vjs=3,"We invite you to join us at Driven Brands!
Headquartered in Charlotte, NC, Driven Brands (NASDAQ: DRVN) is the largest automotive services company in North America, providing a range of consumer and commercial automotive needs, including paint, collision, glass, vehicle repair, oil change, maintenance and car wash.
With over 4,500 centers in 15 countries, Driven Brands is the parent company of some of North America’s leading automotive service brands including Take 5 Oil Change, Take 5 Car Wash, Driven Glass, Meineke, Maaco, CARSTAR, and more. Our network services over 50 million vehicles annually and generates more than $5 billion in system-wide sales each year.
Our culture inspires high performance and innovation, enabling our employees to go further, faster in their careers. With amazing people and great brands, we confidently look forward to exciting growth ahead, and believe in following the values that support this vision.
JOB DESCRIPTION:
This is a highly impactful and autonomous role where your contribution will be noticed on day one. You’ll be working alongside a team of eight analysts & data scientists - collaborating to design datasets, develop analytical models & provide insights. Your work will impact business processes and drive growth.
Responsibilities:
Partner with stakeholders across departments to translate business needs and define technical requirements
Identify, analyze & interpret trends in complex, unfamiliar datasets across our brands
Build dashboards & reports for audiences with varying levels of technical context, optimizing strategic decision-making throughout the company
Develop & maintain scalable automations for data sources, reports, periodic analysis
Assist Data Science team in discovery, back-end dev, optimization of advanced analytics models
Qualifications:
Bachelor’s degree in a quantitative field (math, statistics, physics, engineering, economics, computer science) or equivalent years of experience
Experience in SQL & a scripting language (R/Python)
Advanced degree in a quantitative field
1-2 years of professional experience in data analysis or a related field
Strong proficiency in querying & manipulating large datasets using SQL
Experience performing data analysis and/or building automations & statistical models in Python/R
Experience in data visualization, preferably in Tableau, Qlik or Power BI
Strong interpersonal & teamwork skills, capable of inter-departmental collaboration
#LI-KD1
#HYBRID
DBCORP"
1,Business Analyst,Sabot Consulting,Remote,,PostedPosted 4 days ago,$80 - $120 an hour,Preferred candidates will have prior experience in implementing Cloud-hosted business process migration in Software as a Service (SAAS) implementations…,https://www.indeed.com/rc/clk?jk=f662b2efb509bf2d&fccid=456a1cb695ccca3a&vjs=3,"Sabot Consulting (Sabot) is a management consulting company focused on providing technical and management consulting to IT executives and managers in strategic, operational, and project-based practice areas. You will work as part of a team of highly experienced professionals to service clients in both government and commercial sectors. Sabot's role within all of our engagements is to be a force multiplier for the client, empowering them to achieve their goals and objectives with a concentration on sustainability. Our focus on providing expert staff that have the knowledge, experience, and professionalism to engage the client at all levels is the key to our success.
Mandatory qualifications:
Expert experience in IT Business Analysis in the implementation and integration of enterprise-scale, software application, implementation, or integration projects.
Expert knowledge and demonstrated experience in the creation and maintenance of International Institute of Business Analysis (IIBA), Business Analysis Body of Knowledge (BABOK) framework deliverables.
Expert experience that includes process mapping, workflow modeling, conceptual and logical data modeling, business rules modeling, use case modeling, scope management, and requirements management with demonstrated experience in moving from manual processes to digital systems.
Expert experience that includes application development, demonstrated experience with writing requirements for porting data from one system to another, and in activities such as the design, development, testing, and implementation of a wide variety of information technology systems.
Expert level of experience in Microsoft Office and Visio software.
Desirable qualifications:
A current International Institute of Business Analysis (IIBA) Certification of Competency in Business Analysis (CCBA) or a current certification as a Project Management Institute - Professional in Business Analysis (PMI-PBA).•Preferred candidates will have a current certification as an International Institute of Business Analysis (IIBA) Certified Business Analysis Professional (CBAP).
Prior experience in the creation of requirements for Request For Information (RFI), Request For Proposal (RFP), and Request For Quotation (RFQ) solicitations is desirable.
Lean Six Sigma Green Belt certification is desirable. •Preferred candidates will have prior experience in implementing Cloud-hosted business process migration in Software as a Service (SAAS) implementations utilizing Amazon, Google or Microsoft cloud hosting technologies.
Preferred candidates will have prior experience using SPARX Enterprise Architect software
This position is remote.
O6vJqHwZVc"
2,IT Business Intelligence Developer (FT) Remote Position,Ballad Health,"Remote in Blountville, TN",3.0,PostedPosted 30+ days ago,,Job Details Apply Save Print this job Email a…,https://www.indeed.com/rc/clk?jk=58612836c63b85c2&fccid=05c0d13f87250aee&vjs=3,"Job Details
Apply
Save
Print this job
Email a Friend"
3,Data Engineer,Longevity Holdings Inc.,"Remote in Minneapolis-Saint Paul, MN",,PostedPosted 3 days ago,"$90,000 - $110,000 a year","Incorporate core data management competencies including data governance, data security, and data quality.
Partner closely with our data scientists to ensure the…",https://www.indeed.com/company/TwentyFirst/jobs/Data-Engineer-f3ae1f777e0f8cec?fccid=6af30b4eee9a546a&vjs=3,"Position: Data Engineer
Location: MN
As a Data Engineer, you will treat data as an asset to design, build, and execute high performance and data centric solutions by using the comprehensive big data capabilities for the company's data platform environment. In this role, you will build and optimize data products to bring data and analytics products and solutions to businesses.
In this role, you will make an impact in the following ways:
Build and operationalize complex data solutions, correct problems, apply transformations, and recommend data cleansing/quality solutions
Leading data collection efforts and performing trend analysis to identify common performance challenges that require further attention
Partner closely with our data scientists to ensure the right data is made available in a timely manner to deliver compelling and insightful solutions
Building out scalable data pipelines and choosing the right tools for the right job. Manage, optimize, and monitor data pipelines
Incorporate core data management competencies including data governance, data security, and data quality
To be successful in this role, you will need the following:
Bachelors in a quantitative field
4+ years of data engineering or equivalent experience
Proficient use of tools, techniques, and manipulation including Cloud platforms, programming languages, and an understanding of software engineering practices
Demonstrated knowledge of relational data sets, structures, and SQL
Familiarity with big data platforms such as Apache Spark, Hadoop, Kafka, etc.
Experience leading data organization, dashboarding, & visualization efforts
Inquisitive, proactive, and interested in learning new tools and techniques
Excellent communication skills
Perks of working with us:
Summer hours (Friday FLEX program): full time employees will be able to participate in our summer flex hours. Participating employees will enjoy a four-hour work day every other Friday (must still work 40 hours)
PIP funds: The company is committed to the continuous improvement and career development of employees. The purpose of the plan is to outline the resources available to support each employee’s career goals and company’s business needs.
Career pathing: we develop a career path that identifies opportunities for advancement based on your unique skills, interests, career objectives, and details the steps needed to take.
A sense of belonging: We are committed to offering a diverse and inclusive workplace
Virtual contests and giveaways plus team building activities
Book Club
Longevity Inc. prohibits discrimination and harassment and will take affirmative action to employ and advance in employment qualified individuals based on their status as protected veterans or individuals with disabilities, race, color, religion, sex, national origin, sexual orientation and gender identity.
Our privacy notice is available at https://longevity.inc/employment-privacy-notice/
Job Type: Full-time
Pay: $90,000.00 - $110,000.00 per year
Benefits:
401(k) matching
Dental insurance
Flexible spending account
Health insurance
Health savings account
Life insurance
Paid time off
Professional development assistance
Referral program
Vision insurance
Schedule:
Monday to Friday
Supplemental pay types:
Bonus pay
Application Question(s):
Will you now, or in the future, require sponsorship for employment visa status (e.g. H-1B visa status)?
Experience:
Data engineering: 1 year (Preferred)
Work Location: Remote"
4,Network Administrator/dba developer,WKI Kenworth,"Wichita, KS 67219",,EmployerActive 2 days ago,"$50,000 - $70,000 a year","The Network Administrator provides 2nd level end-user support and troubleshooting network infrastructure.
Effecant at SQL, Linux, Debian and Arduino.",https://www.indeed.com/pagead/clk?mo=r&ad=-6NYlbfkN0DK9aJYZAXNk9ala41CAvFts6MyWLOkZBeVJBHEtM2_XiMTKq1cUr--XdSzIj7HDeKk8d5Sx6_wJ8vkyie-nbBWMRnzZx4oDmYP5Rsv3iDfX9746ULlpbgI1YVRSoPCaa3tkuSBdr_a-EhnbsZ28ZrpuMx6yQr4WppVcu6Af67o2z2a14hWO9JzCvf_0_fJlvKKqY2bfrD_Zd7CAf26VppbQczAJkbUvuOx3xNVB2SuJ4ZAY06nfMer3fgRKWbRhKbc63zNseCx96Lbvp3No7T5-GQg9bGGwjIwgUuJ-B5cwL2z6FLskaNMrGRSKh58BL2BPeo5u_spyiBGLDDDTsFELse75ya0PSy0IIhrJexcRFB7W8ahBEas5Vyti4AP2HTVS-4IBQrNaJ-4wFiop9O9gKhexnDhp-dwQ20ELrbmWAdyG1X_WyL09Bbou5r4XjtDhuFZ55_QZZIqk3_YQ8-ophS7EJb2FS5kp-q-KpVPMWoQ2nYOaBJ2wouBgHj7SQxo4kYnEtdpj9ugZwbTjo7xldPHJ7GA_q3ASUzS-BcnHg==&xkcb=SoDz-_M3WLrbQow8JZ0LbzkdCdPP&p=2&fvj=1&vjs=3,"Full Job Description
The Network Administrator provides 2nd level end-user support and troubleshooting network infrastructure. This person is responsible for the day-to-day maintenance of the local area network hardware, as well as for Microsoft 365, e-mail, Azure ADDS and firewall administration. Programing is a must! Effecant at SQL, Linux, Debian and Arduino.
This position work with the IT Manager on creating and document Security policies and procedures and the implementation of new technologies. They will play a role in coordinating upgrade initiatives, including assisting the IT Manger with facilitating activities such as upgrading systems with the latest versions of software, the rollout of new hardware, and training.
The Network Administrator is responsible for the following: Establishes network specifications; analyzing workflow, access, information, and security requirements; router administration, including interface configuration and routing protocols. Evaluating network performance issues including availability, utilization, throughput, latency; planning and executing the selection, installation, configuration, and testing of equipment; defining network policies and procedures; establishing connections and firewalls. Responds in a timely fashion to end users’ needs and concerns relating to computer business applications and general systems issues. Provides 2nd line support for all software and hardware.
High level of knowalge in Active Directory, Exchange, Azure, and 3rd party vendors. Manages technical resources working onsite, providing vendors with all the information needed to assist in supporting the end-users. Diagnoses and resolves technical problems prevent problem escalation and provides solution tracking.
Secures network by developing network access, monitoring, control, and evaluation; maintaining documentation. Performs day-to-day maintenance of network servers (backups, administration, hardware maintenance). Maintains logs for software and firmware updates, service contracts, support contracts, and passwords. Monitor and update antivirus software, review and remove threats when detected, Trains, instructs, and educates groups and individuals in a team environment. Works with IT Manager in designing technical systems and architecture. Handles multiple project responsibilities simultaneously to prioritize work and resolve technical emergencies as they may occur. Protects the organization by keeping information confidential. Performs additional tasks as assigned by management
ABOUT WKI KENWORTH
Wichita Kenworth Inc. opened its doors in 1971 with a total of three employees. Since then, the facility has been expanded four times and four more locations have been added in Dodge City, Liberal, Emporia and Valley Center. The company has now grown to over 200 employees working in five locations. Our Kenworth franchise provides the Central United States with the highest quality products and services. You will find that our customer service is unmatched by any other dealership in the country
Job Type: Full-time
Pay: $50,000.00 - $70,000.00 per year
Benefits:
401(k)
Dental insurance
Health insurance
Paid time off
Vision insurance
Schedule:
8 hour shift
Monday to Friday
Weekend availability
Ability to commute/relocate:
Wichita, KS 67219: Reliably commute or planning to relocate before starting work (Required)
Education:
Associate (Preferred)
Experience:
Network administration: 5 years (Required)
IT: 10 years (Preferred)
License/Certification:
Drivers License (Required)
Security clearance:
Confidential (Preferred)
Work Location: One location"
5,"Sr Manager, Data Science",Gilead Sciences,"Foster City, CA",3.6,PostedPosted 17 days ago,,"Ensure adaption of data science product with the business users to drive outcome and patient impact.
Ability to work with marketing agencies to define the data…",https://www.indeed.com/rc/clk?jk=52a5939f729bdfb4&fccid=e4b075354d7c2865&vjs=3,"For Current Gilead Employees and Contractors:
Please log onto your
Internal Career Site
to apply for this job.
Job Description
Gilead Sciences, Inc. is a biopharmaceutical company that has pursued and achieved breakthroughs in medicine for more than three decades, with the goal of creating a healthier world for all people. The company is committed to advancing innovative medicines to prevent and treat life-threatening diseases, including HIV, viral hepatitis, and cancer. Gilead operates in more than 35 countries worldwide, with headquarters in Foster City, California.
This exciting role within Gilead’s Global Decision Science & Insights organization is critical for the development of our omnichannel decision engine, to drive commercial execution, creating continuity in the customer experience across engagement channels and improving impact of commercial activities.
Reporting to our Director of Data Science, you would leverage a deep skill set and functional expertise in data science techniques, methodologies, approaches, and tools to build a recommendation system that will inform the right customer, right channel, right cadence/sequence, and right content to drive the greatest impact.
Key Responsibilities:
Develop omnichannel decision engine to orchestrate customer touchpoints across personal, non-personal and DTC tactics to drive personalization at scale.
Develop and create an algorithm library for recommendation systems, with continual Test and Learn mindset.
Apply different A/B Testing and doing the readout of the results.
Help develop a Content measurement framework.
Develop scalable solutions to quickly implement from one brand to another.
FRD creation and development of codebase and repositories.
Help on onboard multiple therapeutic areas/ brands in a phased manner
Work with cross functional teams across internal (e.g. sales, marketing, IT, legal, compliance etc.) and external (consulting partners, data vendors, marketing agencies) stakeholders for developing best in class machine learning models and ML operations at scale.
Keep abreast of latest developments in the field and mentor and manage data scientists from external consulting partners to help design and develop the decision engine for Omnichannel NBA
Take a hands-on role and deliver on highly visible products
Ensure adaption of data science product with the business users to drive outcome and patient impact
Basic Qualifications:
Bachelor's Degree and Eight Years’ Experience
OR
Masters' Degree and Six Years’ Experience
OR
Ph.D.

Preferred Qualifications:
A Bachelor's Degree with at least 8 years’ experience or a minimum of 6 years' experience with a Master’s Degree.
Highly Preferred: Advanced degree in a quantitative field, with extensive experience in building and managing next best action orchestration capabilities and technologies to deliver seamless customer-centric engagement experience
Understanding of marketing/digital data sources across personal (e.g. in-person / virtual sales rep calls, samples etc.), non-personal promotions (e.g. email, direct mail, banner ads, website, mobile alerts), events (e.g. speaker program, conference), survey (e.g. online questionnaires etc.) and social data (e.g. Twitter, Facebook, Sermo, Doximity etc.)
Hands-on experience in developing core components of Recommendation Systems
Experience with advanced ML algorithms is a plus, especially with CNNs, Genetic Algorithms, Collaborative Filtering and Reinforcement Learning
Experience using secondary data sources that are extensively used in pharma (e.g. IQVIA LAAD, IQVIA XPO, IQVIA DDD, etc.)
Ability to work with marketing agencies to define the data format in which the campaign response data needs to be shared with Gilead
Work with Gilead IT partners to define specifications for automated campaign data ingestion from marketing agencies into Gilead AWS platform at a pre-defined frequency
Experience developing, deploying, and operationalizing data science (AI/ML) models to drive next best action using Reinforcement learning and/or Deep learning algorithms
Life Sciences Digital capabilities exposure (i.e., channels, ecosystem partners)
Management experience with teams and influencing senior-level management and key stakeholders.
Proven track record of delivering on programs with complex business deliverables.

For jobs in the United States:
As an equal opportunity employer, Gilead Sciences Inc. is committed to a diverse workforce. Employment decisions regarding recruitment and selection will be made without discrimination based on race, color, religion, national origin, gender, age, sexual orientation, physical or mental disability, genetic information or characteristic, gender identity and expression, veteran status, or other non-job related characteristics or other prohibited grounds specified in applicable federal, state and local laws. In order to ensure reasonable accommodation for individuals protected by Section 503 of the Rehabilitation Act of 1973, the Vietnam Era Veterans' Readjustment Act of 1974, and Title I of the Americans with Disabilities Act of 1990, applicants who require accommodation in the job application process may contact
careers@gilead.com
for assistance.

Following extensive monitoring, research, consideration of business implications and advice from internal and external experts, Gilead has made the decision to require all U.S., Canada, Australia, Singapore, and Hong Kong employees and contractors to receive the COVID-19 vaccines as a condition of employment. “Full vaccination” is defined as two weeks after both doses of a two-dose vaccine or two weeks since a single-dose vaccine has been administered. Anyone unable to be vaccinated, either because of a sincerely held religious belief or a medical condition or disability that prevents them from being vaccinated, can request a reasonable accommodation.
For more information about equal employment opportunity protections, please view the
'Know Your Rights'
poster.
NOTICE: EMPLOYEE POLYGRAPH PROTECTION ACT

YOUR RIGHTS UNDER THE FAMILY AND MEDICAL LEAVE ACT
PAY TRANSPARENCY NONDISCRIMINATION PROVISION
Our environment respects individual differences and recognizes each employee as an integral member of our company. Our workforce reflects these values and celebrates the individuals who make up our growing team.
Gilead provides a work environment free of harassment and prohibited conduct. We promote and support individual differences and diversity of thoughts and opinion.

For Current Gilead Employees and Contractors:
Please log onto your
Internal Career Site
to apply for this job."
6,Business Intelligence Developer,Signify Health,"Remote in Dallas, TX",3.0,PostedPosted 30+ days ago,,"5+ years of relevant experience in report development, data science, business analytics, business intelligence, or comparable data engineering role, including…",https://www.indeed.com/rc/clk?jk=bdedd07d00e7dfa2&fccid=7f3af35993e7f09f&vjs=3,"POSITION OVERVIEW
The Business Intelligence Developer will be a strategic resource on the Business Intelligence team within Signify Health. We are looking for a talented BI developer who is versatile and creative, and who can be an integral part of a small tight team that will build next-generation analytics that supports Signify and its partners. This role not only requires the ability to design prescriptive reporting solutions but also be hands-on in the database/backend data source to pull data using SQL to verify and test the visualizations. If you're passionate about healthcare and want to help shape the direction of our next-generation features and products for our Health Partners, and make a significant impact on the health and lives of thousands of people, then we have the perfect position for you! Obviously, we are looking for smart people. That's a given. But being smart isn't the only factor in creating a high-caliber work environment.
In addition, you:
Have an entrepreneurial streak
Are self-motivated and driven
Just get things done
Roll with the punches when the unexpected happens or if the team needs to pivot direction
• Are passionate • Have strong report visualization and data design intuition
Pay attention to user feedback
Thrive in an environment of open feedback/brainstorming/sharing
Are a team player and people like working with you
Are intellectually curious and always wanting to learn more
Interested in creating a culture driven by metrics and experimentation

The Business Intelligence Developer will Design, implement, and maintain Dashboards, visualizations, and supporting data analysis layers. Additionally, he/she will design and develop visualization solutions against data warehouses, data marts, and cubes. This position will coordinate with other team members and managers to translate business needs into technical solutions and provide technical assistance to users pulling data from our self-service environment. The Business Intelligence Developer will troubleshoot issues in cubes and database objects (procedures – as they relate to surfacing data) to identify and solve problems with data accuracy and performance.

QUALIFICATIONS:
Education/Licensing Requirements:
High School Diploma or equivalent.
Bachelor's degree in a computer-related field or equivalent experience.
Master's degree in a computer-related field is a plus.

Experience Requirements:
Minimum 5 years of experience in MS BI tools (SSRS, SSAS, Power BI)
5+ years of relevant experience in report development, data science, business analytics, business intelligence, or comparable data engineering role, including data warehousing and business intelligence tools, techniques, and technology
Minimum of 2 years of experience in Power BI
Knowledge of SQL to write complex, highly-optimized queries across large volumes of data
Successful work experience in MS SQL programming, database design, data warehouse design, query performance tuning, and writing stored procedures.
Knowledge of ETL and data warehouse concepts and processes
Experience with Power BI or an equivalent reporting tool to create impactful reports, visualizations, and interactive dashboards
Understanding of data models
Creativity to determine the best solution for a real-world problem with quantitative data
Experience supporting a multi-database environment.
Excellent understanding of OLTP and OLAP systems.
Knowledge of best practices and software development process

ESSENTIAL SKILLS/EXPERIENCE:
Fluently speak, read, and write English.
Good verbal and written communication skills.
Proven ability to prioritize and multi-task.
SQL programming, server integration, and reporting
Curiosity and passion for data, visualization, and solving problems
Creativity to determine the best solution for a real-world problem with quantitative data
Experience with reporting, descriptive statistics, probability, and cleaning big datasets
Willingness to question the validity, accuracy of data, and assumptions
Enjoyment from collaborating with others in a team environment
Eagerness to learn in a fast-paced environment
Knowledge of medical data a plus

About Signify Health
Signify Health is helping build the healthcare system we all want to experience by transforming the home into the healthcare hub. Access to the home and primary care coordination are critical pillars to containing cost—Signify Health is a leader across both
We coordinate care holistically across individuals' clinical, social, and behavioral needs, creating a more connected, effective care experience for all. By building strong connections to primary care providers and community resources, we're able to close critical care and social gaps, as well as manage risk for individuals who need help the most. This leads to better outcomes and a better experience for everyone involved.
Our high-performance networks are powered by more than 9,000 mobile doctors and nurses covering every county in the U.S., 3,500 healthcare providers and facilities in value-based arrangements, and hundreds of community-based organizations. Signify's intelligent technology and decision-support services enable these resources to radically simplify care coordination for more than 1.5 million individuals each year while helping payers and providers more effectively implement value-based care programs.
We are committed to equal employment opportunities for employees and job applicants in compliance with applicable law and to an environment where employees are valued for their differences.
To learn more about how we're driving outcomes and making healthcare work better, please visit us at www.signifyhealth.com."
7,Senior Business Intelligence (BI) Developer,Apria Healthcare,Remote,3.1,PostedPosted 30+ days ago,,"Execute data conversions and provides guidance to junior developers when needed.
Engage based a consultative approach with business users, asking questions to…",https://www.indeed.com/rc/clk?jk=da73546d37b45a09&fccid=6c1379d0a886ee0a&vjs=3,"Job Summary (External):
ABOUT THE COMPANY
Apria Healthcare’s mission is to improve the quality of life for our patients at home. We are looking for empathetic, thoughtful and compassionate people, to meet the needs of our patients. Already an industry leader in healthcare services, we provide home respiratory services and select medical equipment to help our patients sleep better, breathe better, heal faster, and thrive longer.
JOB SUMMARY
Design and build effective and scalable Business Intelligence solutions including Operational Reports, Data Visualizations, Dashboards, Reporting Data Marts and ETL/Data Integration solutions.

ESSENTIAL DUTIES AND RESPONSIBILITIES
Engage based a consultative approach with business users, asking questions to understand the business needs and deriving the data flow, logical and physical data models based on those needs.
Responsible for leading development of the reporting framework
Provide engineering, design and developmental insights for the team in building and sustaining an enterprise level data analytics platform
Hands-on development with thorough knowledge of scripting, data source integration, and development
Assist with process definition and contribute to library of reusable objects (fields, calculations, KPI, etc.)
Troubleshoot data discrepancy issues as they occur, identify criticality and impact, provide support and appropriate workarounds
Develop specifications for all areas and domains of the enterprise, including Data Warehouse, Provisioning, Master Data Management, ETL and BI.
Design processes that can be implemented with minimal disruption to supporting systems and that are cost effective.
Execute data conversions and provides guidance to junior developers when needed
Performs other duties as required.

SUPERVISORY RESPONSIBILITIES
N/A
Minimum Required Qualifications (External):
Education and/or Experience
Bachelor's or Master’s degree in Science or Engineering. Computer Science degree preferred.
10+ years of enterprise level IT experience
8-10 years of experience with data architecture and exposure to other domains such as business architecture and application design.

Certificates, Licenses, Registrations or Professional Designations
N/A

SKILLS, KNOWLEDGE AND ABILITIES
Experience in RDMS like MS SQL Server and related modules.
Ability to apply the development, sustenance, and project management best practices with minimum supervision.
Excellent communication skills with ability to grasp complex concepts and ability to communicate internally with all stakeholders
Strong problem solving and analytical skills
Ability to effectively interact with stakeholders and cross functional departments

Computer Skills
Understanding of relational database principals, expertise in SQL.
Experience in C# or Java or Python is preferred but not required.
Experience in Hadoop or other big data and NoSQL solutions is a plus.
Experience in data science and creating models is a plus.

Language Skills
English (reading, writing, verbal).

Mathematical Skills
Advanced math skills

PREFERRED QUALIFICATIONS
Education and/or Experience
Healthcare experience preferred.

PHYSICAL DEMANDS
This is a stationary position that requires frequent sitting or standing, repetitive wrist motions, grasping, speaking, listening, close vision, color vision, and the ability to adjust focus. It also may require occasional lifting, carrying, walking, climbing, kneeling, bending/stooping, twisting, pulling/pushing, walking, bending, stooping, and reaching above the shoulder. Employees in this position must be physically able to efficiently perform the essential functions of the position. Reasonable accommodations will be provided to assist or enable qualified individuals with disabilities to perform the essential functions of the position, upon request.

WORK ENVIRONMENT
Work is performed in an office setting with exposure to moderate noise.

TRAVEL
Occasional travel as required.

OTHER INFORMATION
The essential duties and responsibilities, physical requirements, and work environment described above are representative of those typically required for this position but may vary depending on staffing and business needs at specific locations. The inclusion or omission of a specific duty or physical requirement is, therefore, not determinative of whether that function is essential to a specific individual’s position.

Apria Healthcare is committed to hiring veterans and military spouses.
Benefits:
Comprehensive benefits package offered for eligible employees:
Competitive salary
Medical, Dental and Vision
Healthcare Flexible Spending Accounts and Healthcare Savings Accounts
Life, AD&D and Disability Insurance
Paid Time Off, including Vacation, Personal Time, Paid Sick Leave & Paid Holidays
401K Savings Plan (available immediately)
Educational Assistance
Employee Referral Reward Program
Employee Discount Programs
Company Paid Employee Assistance Plan (available immediately)
We recognize our veterans by offering a company paid day off for Veterans Day
Career Advancement/ Development Opportunities
Compensation:
Compensation is commensurate with experience
Annual compensation is based on a 40 hour week
EEO Statement:
As an EOE/AA employer, Apria Healthcare is committed to providing all applicants and employees with equal access to employment opportunities, regardless of sex, race, age, color, national origin, disability, pregnancy, religion, genetic information, sexual orientation, transgender status, gender identity, marital status, veteran status, or any other characteristic protected by federal, state, or local law. Apria Healthcare shall abide by the requirements of 41 CFR 60-300.5(a) and 60-741.5(a). These regulations prohibit discrimination against qualified individuals on the basis of protected veteran status or disability, and require affirmative action by covered prime contractors and subcontractors to employ and advance in employment qualified protected veterans and individuals with disabilities. AA/EOE, M/F/Disability and Vet"
8,Senior Manager-Data Science,"Greenium Tech, LLC","Chicago, IL 60603 (Loop area)",,EmployerActive 2 days ago,$75 - $90 an hour,"Stay aware of emerging data science techniques, technologies, and applications.
Hire, train, retain and challenge best-in-class data science and analytics…","https://www.indeed.com/company/Greenium-Tech,-LLC/jobs/Senior-Manager-Data-Science-37c6db92b75af96e?fccid=5832eba358de3e4c&vjs=3","Job Description:
The Analytics & Innovation department focuses on solving challenging business
problems and connecting dots across the enterprise to benefit employees, customers
and shareholders.
The team's objective is to make analytics accessible, available, fast, repeatable, and
scalable. We partner with a variety of business units (e.g., Airport Operations, Technical
Operations, Network Planning, Revenue Management, Crew, Catering, Contact Centers,
HR Systems, etc.) to create value through collaborative innovation, transformation,
process improvement, change management, mathematical modeling, statistics, data
science, and research.
The position has both strategic and tactical responsibilities for Data Science. This role
will drive projects in the Data Science space resulting in incremental revenue or
improving efficiency.
Must work with multiple stakeholders leading and managing initiatives that leverage
data, modeling, and predictive analytics to drive total revenue and customer experience.
It is essential to be quantitatively orientated, results-focused, and of a “test-and-learn”
mindset. Individuals with strong communication and interpersonal skills, customer and
loyalty experience, and willingness to take the initiative and ownership will be successful.
Airline experience is not required for this position. This role involves business intuition
and a working knowledge of analytical tools.
Responsibilities:
Responsible for managing the work of a team of a few individuals who design and
implement machine learning models with an orientation to locating opportunities and
delivering value
Foster an environment of continuous learning among your team and community of data
scientists
Hire, train, retain and challenge best-in-class data science and analytics professionals.
Communicate project requirements and modeling outcomes to technical and
non-technical audiences.
Socialize key initiatives with stakeholders
Create and deliver presentations as required
Lead projects ensuring quality, timeliness, and effectiveness of analysis and solutions
Stay aware of emerging data science techniques, technologies, and applications.
Responsible for assuring a high level of technical skills and knowledge within the team
for the following: knowledge of ML/AI toolkits and associated programming (such as
Python etc.), use of ML AWS tools (such as Sagemaker, etc.)
Liaise with Digital Technology and ML Engineering teams to partner on technology
solutions as applicable
Required:
Bachelor’s degree in Engineering, Computer Science, Data Science, or a related field
9+ years of relevant experience
7+ years in Data Science/Machine Learning roles
Must be legally authorized to work in the United States for any employer without
sponsorship
Successful completion of interview required to meet job qualification
Reliable, punctual attendance is an essential function of the position
Preferred:
Master's degree
A graduate degree in Computer Science, Data Science, or a related analytical discipline
is strongly preferred
5+ years of experience with an advanced degree (M.S., Ph.D., or equivalent)
At least one year in a supervisory role is strongly
Job Types: Full-time, Contract
Pay: $75.00 - $90.00 per hour
Schedule:
8 hour shift
Ability to commute/relocate:
Chicago, IL 60603: Reliably commute or planning to relocate before starting work (Required)
Experience:
relevant: 9 years (Required)
Data Science Machine Learning: 7 years (Required)
advanced degree: 5 years (Required)
supervisory role: 1 year (Required)
Work Location: One location"
9,Director of Data Science,Qcells,"Hybrid remote in San Francisco, CA",2.7,PostedPosted 30+ days ago,,"5+ years management experience building and leading data science teams.
10+ years of technical experience in a data science role or equivalent.",https://www.indeed.com/rc/clk?jk=a516c37c3e0aa19e&fccid=282e90b2a25eeb83&vjs=3,"This is a San Francisco based position that is currently remote and will have a hybrid schedule once we return to office. We are open to candidates willing to relocate to the San Francisco Bay Area.

ABOUT GELI
Geli (Growing Energy Labs, Inc.) provides software and business solutions to design, connect, and operate energy storage systems ranging in size from residential to utility-scale, as well as grid-tied, microgrid, and off-grid systems. Geli’s suite of products creates an ecosystem where project developers, OEMs, financiers, and project operators can deploy advanced energy projects using a seamless hardware-agnostic software platform.

Geli is a subsidiary of Hanwha Q CELLS, one of the world’s largest photovoltaic manufacturers most recognized for its high-performance, high-quality solar cells and modules.

OUR VISION
Geli is committed to helping make the planet a cleaner, better place to live, both with our software products and through our everyday actions.

Imagine a world where there is less reliance on non-renewable power, where you source your electricity from your neighbors rather than from power stations hundreds of miles away and software makes the best possible use of the solar, wind, and battery storage available. This is our vision.

We are looking for enthusiastic colleagues that are not only fluent in technology, but also share our vision of a world running on 100% renewable energy.

ABOUT THIS JOB
As Director/Senior Director of Data Science, you will be responsible for managing our Data Science team, which currently includes Optimization, Forecasting, Machine Learning, Machine Learning Ops, and Data Engineering.

This is a high-visibility, high-impact position in a fast-growing team with an opportunity to contribute to overall business strategy and product vision.
PRIMARY RESPONSIBILITIES
You will help the team build state of the art, production quality software that solves key business problems, while working with other Software (Cloud, IoT), DevOps, Hardware, Product management and System test teams.
You will grow and lead a globally distributed team of 30+ people (US, AUS, Seoul, UK, India)
You will serve, inspire, and empower the team while eliminating roadblocks to help them contribute and realize their full potential.
You will be responsible for the vision, roadmap, and execution of the Data Science team charter.
Determine and prioritize the team’s work based on business needs.
Support career paths, mentorship, and growth for team members.
Provide technical requirements for key data infrastructure decisions.
Collaborate with other leaders and executives to build data-informed business strategy and product roadmaps.
Excel at the intersection of leadership, business outcomes, data science and software engineering.
Required Qualifications
PhD or M.S. in science or engineering, math, statistics or equivalent combined education and work experience is preferred.
10+ years of technical experience in a data science role or equivalent
5+ years management experience building and leading data science teams. Note: Strong technical & people leadership skills are a must.
5+ years’ experience working with production software
Proficient at executing cross-functional projects and coordinating with leadership across multiple teams
Ability to translate complex business problems into achievable and actionable analytic projects
A willingness to collaborate and communicate with the broader team to drive cross-team and cross-organization initiatives forward
A high sense of urgency and commitment
Experience in Energy domain – Solar, Wind, Energy Storage, Smart Grid, Energy Markets
Preferred Qualifications
Deep understanding and experience with time series forecasting, ML techniques (e.g. ARIMA, tree-based models, neural network), and tools (e.g. TensorFlow, PyTorch, Scikit-Learn, Keras).
Experience with load, solar, price forecasting and energy market.
Experience with optimization techniques (deterministic, stochastic) and optimization packages (Pyomo, Cvxpy, Gurobi, Express, Cplex)
Experience with applying statistical modeling, ML, optimization techniques to the data in power and energy domain
Experience in ML Ops: container orchestration, code isolation, data versioning, and graph-based computation.
Experience with various cloud technologies (AWS, Kubernetes, Docker, Microservices)
Good understanding of software development and deployment processes (CI/CD, Agile, Source Control Management)
Experience building complex, automated data processes in Python, SQL, AWS, Airflow, Snowflake, RPA, and other technologies
BENEFITS OF WORKING AT GELI
Competitive salary commensurate with experience
Competitive benefits offerings
Convenient accessible location in downtown San Francisco
Flexible work-from-home-office opportunities, as determined by position and job duties

WORK ENVIRONMENT
Make a difference: join a group of people who are passionate about renewable energy
Have an impact: the company is still small enough that everyone’s contribution has a significant impact to the success of the company
Many opportunities to lead teams, projects, and contribute to development
Casual professional working environment: there’s no need to dress up, just present your best self
Work collaboratively in a diverse environment- we commit to reaching better decisions by respecting opinions and working through disagreements

DIVERSITY
We value the insights that a diverse team can bring. We encourage applications from members of groups that have been traditionally underrepresented in tech.

Growing Energy Labs, Inc. provides equal employment opportunities (EEO) to all employees and applicants for employment without regard to race, color, religion, sex, national origin, age, disability, or genetics."
10,Data Engineer,Vingsfire pvt ltd,Remote,,EmployerActive 2 days ago,From $50 an hour,"Should have strong data analysis.
Proven experience in Design & Implementation of end-end data pipelines.
Problem analysis and troubleshooting complex & “large…",https://www.indeed.com/company/Vingsfire-pvt-ltd/jobs/Data-Engineer-4b87879df55e1eb8?fccid=d2a5bfde4401643f&vjs=3,"Skills required: Power BI, Cosmos + SQL experience, Knowledge on Azure Data Factory, SQL.
Role Description: Individual with strong technical background in SQL, SQL Server, data engineering, BI, Kusto, Data Analysis and strong knowledge of Data Warehousing Concepts.
Role and Responsibilities: * Good Depth in Power BI * Should be able to write complex and efficient -SQL queries. * Should be able to design & Implement end-end data pipelines using cosmos and ADF. * Problem analysis and troubleshooting complex & “large volume of dataset’s” data issues. * Should have strong data analysis
skillsSkills Required: * Proven experience in SQL Server writing complex T-SQL queries, Performance tuning * Proven experience in strong Data Analysis dealing with large volume of datasets. * Proven experience in Design & Implementation of end-end data pipelines. * Should have strong knowledge of Data Warehousing concepts. * Should have very good experience in BI tools (but not limited ) Reporting tools like Power BI * Cosmos and scope scripts * Microsoft Big Data Technologies. * Knowledge on Azure Data Factory * Excellent communication skills – direct communication with Client
Job Type: Full-time
Salary: From $50.00 per hour
Schedule:
Day shift
Experience:
Informatica: 8 years (Preferred)
Work Location: Remote
Speak with the employer
+91 6157030733"
11,Database Administrator,Helm,Remote,3.8,EmployerActive 2 days ago,,"Must have experience working in Data Lakes with in Oracle or SQL.
Analysis, pulling data from a data lake.
Experience working with Oracle 12C.",https://www.indeed.com/company/HELM/jobs/Database-Administrator-5729f15bbb8b27a4?fccid=feeac034ca41a48b&vjs=3,"1. Must have experience working in Data Lakes with in Oracle or SQL.
2. Analysis, pulling data from a data lake.
3. Strong experience working with SQL server 2012 or 2016.
4. Experience working with Oracle 12C
Job Type: Contract
Schedule:
8 hour shift
Experience:
MySQL: 1 year (Preferred)
Database administration: 1 year (Preferred)
Oracle: 1 year (Preferred)
Work Location: Remote
Speak with the employer
+91 8584350821"
12,"Director, Data Science (Remote)",Sun Life,"Remote in Kansas City, MO 64108",3.9,PostedPosted 6 days ago,"$145,400 - $218,200 a year","10+ years of experience in developing and implementing data science techniques.
Strong knowledge of the fundamental statistical and AI underpinnings of data…",https://www.indeed.com/rc/clk?jk=97ce573e247ef888&fccid=618943d89d0005a6&vjs=3,"You are as unique as your background, experience and point of view. Here, you’ll be encouraged, empowered and challenged to be your best self. You'll work with dynamic colleagues - experts in their fields - who are eager to share their knowledge with you. Your leaders will inspire and help you reach your potential and soar to new heights. Every day, you'll have new and exciting opportunities to make life brighter for our Clients - who are at the heart of everything we do. Discover how you can make a difference in the lives of individuals, families and communities around the world.
Job Description:
The Director, Data Science will be a key member of the US Data Analytics Center of Excellence (“COE”) and will provide thought leadership across the Sun Life US Business Group to use the power of data with machine learning and/or actuarial techniques to enhance decisions. This position will work closely with the other functional teams embedded in the business areas to advance data analytics across the company. This position reports to the AVP, Advanced Analytics.
Responsibilities include advancing analytic capabilities across the company through the development of advanced analytic models, machine learning, leveraging AI to streamline and automate processes, promoting natural language processing and voice-to-text analytics, and driving a culture of data-driven, risk-based decisions. The role will have a strong research component to stay abreast of emerging data technologies and techniques, develop and lead preliminary proof of concept pilot tests, and partner with the other business analytics teams to share findings and propose possible solutions and technologies that may add value to the business. As a member of the US Data Analytics COE, this role will also act as a Subject Matter Expert in Data Science supporting individuals and teams by providing guidance & best practices, brainstorming solutions, and developing and implementing model (when required). This role may also be called upon to review and validate existing models.
What will you do?
Partner with functional leaders within the company to identify, develop, and implement predictive modeling and analytic solutions based on understanding of business needs and opportunities.
Advocate for data-centric business practices including the adoption of deployed models.
Identify internal areas where data analytics will be advantageous.
Research and investigate existing and emerging data technology solutions and techniques both independently and in partnership with IT.
Evaluate third party vendor solutions utilizing AI and deploy / monitor these solutions if implemented.
Contribute and consult with the broader analytics community for best practices related to predictive modeling techniques, in addition to staying up to date on emerging trends.
Support individuals and teams by providing guidance, expertise, best practices, and development work (when necessary) on developing and deploying analytic models, machine learning, AI, and general data science techniques and methodologies.
What will be needed to succeed?
Experience with a broad range of statistical programming languages, applications and data environments (e.g., R, Python, SQL, SAS, AWS Cloud Computing).
Demonstrated expertise in data science including conditioning, modeling, integration and visualization.
Strong knowledge of the fundamental statistical and AI underpinnings of data science.
Commitment to data compliance, model governance and security protocols.
Strong business acumen to understand why and how the work we do will impact our business stakeholders.
Excellent communication skills, with an ability to explain technical concepts to a non-technical audience.
BS in a statistical, mathematical, or technical field (e.g., computer science, actuarial science).
10+ years of experience in developing and implementing data science techniques.
Ability to build and maintain strong relationships with internal business partners.
What will be nice to have?
MS/PhD, preferably in a statistical, mathematical, or technical field (e.g., computer science, actuarial science) or a Fellow of the Society of Actuaries.
Experience with business insights and visualization tools (e.g. Tableau, Workiva, PowerBI, AWS QuickSite, Domo).
Experience with Group, Dental, or Stop Loss Insurance.
Experience with actuarial, underwriting, or related concepts utilized in the Group, Dental, and Stop Loss benefits fields.
Able to contribute directly to work as well as influence others.
What is in it for you?
Excellent benefits and wellness programs to support the three pillars of your well-being – mental, physical and financial – including generous vacation and sick time, market-leading paid family, parental and adoption leave, a partially-paid sabbatical program, medical plans, company paid life and AD&D insurance as well as disability programs and more
Retirement and Stock Purchase programs to help build and enhance your future financial security including a 401(k) plan with an employer-paid match as well as an employer-funded retirement account
A flexible work environment with a friendly, caring, collaborative and inclusive culture
Great Place to Work® Certified in Canada and the U.S.
Named as a “Top 10” employer by the Boston Globe's “Top Places to Work” two years running
All qualified applicants will receive consideration for employment without regard to race, color, religion, sex, sexual orientation, gender identity, national origin, disability, or status as a protected veteran.
If you are a Colorado resident, the salary range for this position is $145,400-218,200 annually.
If you are a New York resident, the salary range for this position is $171,700-257,70 annually.
We consider various factors in determining actual pay including your skills, qualifications, and experience. In addition to salary, this position is eligible for incentive awards based on individual and business performance as well as a broad range of competitive benefits.
Sun Life Financial is a leading provider of group insurance benefits in the U.S., helping people protect what they love about their lives. More than just a name, Sun Life symbolizes our brand promise of making life brighter -for our customers, partners, and communities. Join our talented, diverse workforce and launch a rewarding career. Visit us at www.sunlife.com/us to learn more.
At Sun Life we strive to create a flexible work environment where our employees are empowered to do their best work. Several flexible work options are available and can be discussed throughout the selection process depending on the role requirements and individual needs.
At Sun Life we strive to create a flexible work environment where our employees are empowered to do their best work. Several flexible work options are available and can be discussed throughout the selection process depending on the role requirements and individual needs.
For applicants residing in California, please read our employee California Privacy Policy and Notice. California Privacy Policy and Notice.
Job Category:
Advanced Analytics
Posting End Date:"
13,"Director, Data Science & Analytics, Lingo",Abbott Laboratories,"Alameda, CA",3.9,PostedPosted 1 day ago,,"Define a clear data science and analytics roadmap.
You will define and execute the product analytics and data science strategy that ensures our organization…",https://www.indeed.com/rc/clk?jk=d6b2149d54be302c&fccid=77426fa86bb11d7c&vjs=3,"Abbott is a global healthcare leader that helps people live more fully at all stages of life. Our portfolio of life-changing technologies spans the spectrum of healthcare, with leading businesses and products in diagnostics, medical devices, nutritionals and branded generic medicines. Our 113,000 colleagues serve people in more than 160 countries.
About Lingo

Meet Lingo, a new biosensing technology that provides users a window into their body. Lingo tracks key biomarkers – such as glucose, ketones, and lactate – to help people make better decisions about their health and nutrition. Biowearable technology will digitize, decentralize and democratize healthcare, enabling consumers to take control of their own health.
A New Category of Consumer Biowearables: Meet Lingo - YouTube
Abbott and Chairman and Chief Executive Officer Robert B. Ford made CES history, presenting a keynote entitled ""Human-Powered Health: Unlocking the Possibility of You"" at the most influential tech event in the world. Abbott was the first healthcare company ever to do so. ""Technology gives us the power to digitize, decentralize and democratize healthcare, create a shared language between you and your doctor – and put more control of your health in your hands,"" Mr. Ford said. ""We're creating a future that will bring you and your loved ones care that's more personal and precise. It's happening right now. And its potential is no less than incredible.""
Lingo extends the Abbott sensing technology platform that Abbott pioneered in 2014 for people with diabetes, allowing people to continuously monitor their glucose levels with a small sensor on the back of the upper arm. Actress and comedian Sherri Shepherd shared live on the CES stage how FreeStyle Libre 2 changed her life, giving her glucose readings, right on her smartphone, unique to her body so she can make healthier decisions.
The Opportunity

Personalized healthcare is the future. Working on Lingo, you will help build a next-generation technology that enables individuals to make decisions about how to improve energy, lose weight or enhance athletic performance. The Lingo team embodies a start-up culture and mindset with the backing of Abbott, a company with a rich history of healthcare innovation. Join us and grow your career as you help Abbott shape the future of healthcare.
You will define and execute the product analytics and data science strategy that ensures our organization makes the best data-driven product decisions at scale. You will partner with the business leaders to drive impact, leading the analytics team and building our analytics capabilities. You will utilize data to achieve strategic objectives and closely monitor industry trends.
What You’ll Do
Build a high-performance Data Science and Analytics team
Mentor new and junior Data Science and Analytics team members and help them succeed
Effectively set expectations and communicate goals/needs to team members to support individual goal setting and performance; assess performance and provide frequent guidance and feedback to facilitate career growth
Define a clear data science and analytics roadmap
Stay abreast of developments at the intersection of data science, technology, and business relevant to the company and drive business innovation through analytics
Design, create, test, and implement complex models and algorithms that drive analytical solutions throughout the organization
Conduct advanced statistical and other analysis to provide actionable insights, identify trends, and measure performance
Collaborate with translators and understands business problems to implement scalable and sustainable solutions
Collaborate with other teams to develop novel ways of meeting objectives utilizing cutting-edge technologies and tools
Effectively communicate the analytics approach and how it will meet and address objectives to business partners

Qualifications / Pivotal Experience & Expertise
12+ years of experience in analytics with 5+ years in managing high-performing teams
Strong understanding of data analytics, structured and unstructured data analysis, predictive modeling techniques, and data visualization as well as a good command of emerging methodologies like artificial intelligence
A recognized thought leader and innovator in the development of new tools, methodologies, and problem-solving approaches
Strong people leader with experience in building and leading large engineering teams, including talent development, recruiting and culture-building
Broad understanding of the latest data science, analytics, and technology trends and their impact on business strategies and operations
Experience engaging cross-functional teams to build a strong data infrastructure
Knowledge related to leading the ideation and design of campaigns across analytics use cases
Cross-functional project leadership experience, including collaboration on an executive level
Outstanding communication skills, particularly in conveying complex technical concepts to clients and team members
Bachelor's degree, ideally in Computer Science, Data Analytics, Statistics, or similar technical disciplines

Apply Now
Participants who complete a short wellness assessment qualify for FREE coverage in our HIP PPO medical plan. Free coverage applies in the next calendar year.
Learn more about our health and wellness benefits, which provide the security to help you and your family live full lives: www.abbottbenefits.com
Follow your career aspirations to Abbott for diverse opportunities with a company that can help you build your future and live your best life. Abbott is an Equal Opportunity Employer, committed to employee diversity.

Connect with us at www.abbott.com, on Facebook at www.facebook.com/Abbott and on Twitter @AbbottNews and @AbbottGlobal"
14,Data Science Manager - TikTok Ads,TikTok,"Seattle, WA+5 locations",3.4,PostedPosted 30+ days ago,,"3+ years of experience in managing and mentoring data science, data engineering, and analytics teams in a technology company.",https://www.indeed.com/rc/clk?jk=4e796c8c0eedbfed&fccid=caed318a9335aac0&vjs=3,"Responsibilities
TikTok is the leading destination for short-form mobile video. Our mission is to inspire creativity and bring joy. TikTok has global offices including Los Angeles, Mountain View, New York, London, Paris, Berlin, Dubai, Mumbai, Singapore, Jakarta, Seoul, and Tokyo.

About The Tiktok Monetization Product Data Science Team
We're the TikTok Monetization Products data science team, who enables and champions data driven decision making. Our Vision is to become the world class data science team, where data is used rigorously to drive all decision making. Our Mission is to drive monetization and sustainable revenue growth for TikTok through data science.

Responsibilities:
1. Work with large, complex data sets. Solve difficult, non-routine analysis problems, applying advanced analytical methods as needed. Conduct analysis that includes data gathering and requirements specification, processing, analysis, ongoing deliverables, and presentations.
2. Build and manage high performance, responsive team of data scientists and analysts that are able to not only keep up with but also pioneer in this space
3. Build and prototype analysis pipelines for the team to provide insights at scale
4. Develop comprehensive knowledge of Tiktok data structures and metrics, advocating for changes where needed for product development
5. Develop deep partnerships with engineer and product teams to deliver on major cross-functional measurements, testing, and modeling efforts
6. Partner with Data Engineering to ensure the data accuracy and consistency
Qualifications
1. MS or PhD in a quantitative field such as Computer Science, Engineering, Math, Statistics, etc.
2. 7+ years of experience in data science, algorithmic engineering, or machine learning
3. 3+ years of experience in managing and mentoring data science, data engineering, and analytics teams in a technology company
4. Experience with statistical software (e.g. R, Python, MATLAB) and database languages (e.g. SQL)
5. Experience building data science models (Regression, Decision Trees, K-Means, etc.)
6. Experience with large data sets and analytical tools, e.g. Hive, Spark
7. Demonstrated leadership and self-direction. Willingness to both teach others and learn new techniques.
8. Demonstrated skills in selecting the right statistical tools given a data analysis problem. Effective written and verbal communication skills.

TikTok is committed to creating an inclusive space where employees are valued for their skills, experiences, and unique perspectives. Our platform connects people from across the globe and so does our workplace. At TikTok, our mission is to inspire creativity and bring joy. To achieve that goal, we are committed to celebrating our diverse voices and to creating an environment that reflects the many communities we reach. We believe individuals shouldn't be disadvantaged because of their background or identity, but instead should be considered based on their strengths and experience. We are passionate about this and hope you are too.

TikTok is committed to providing reasonable accommodations during our recruitment process. If you need assistance or an accommodation, please reach out to us at USRC@tiktok.com."
15,Data Science Senior Manager - Evernorth,Cigna,"Hartford, CT 06152 (Frog Hollow area)",3.7,PostedPosted 17 days ago,"$116,900 - $194,800 a year","Keen eye for methodological and data nuances.
Using state of the art AI tools, DS platforms, ML libraries, and optimization tools, we leverage internal,…",https://www.indeed.com/rc/clk?jk=63001478e436e4e9&fccid=afbf8c270610a38a&vjs=3,"Job Description

Do you have a passion for machine learning and artificial intelligence? Are you excited about using your skills to bring innovation to healthcare and improve affordability?

Evernorth’s Episode Grouper Center of Expertise (CoE) applies advanced Data Science (DS), Artificial Intelligence (AI) and Machine Learning (ML) to produce solutions that reduce customer health costs and improve outcomes and business processes. Using state of the art AI tools, DS platforms, ML libraries, and optimization tools, we leverage internal, external, online and offline data sources comprising clinical, pharmacy, provider, and behavioral/attitudinal data.

This position is with Evernorth, a new business within the Cigna Corporation.

Role Summary

The Data Science Senior Manager is a hands-on management role, combining model-building work and team management. They will lead the team’s application of rigorous statistical and methodology know-how to test, innovate and maintain Episode Grouper and Episode Risk models. They will also direct the team’s research, development and testing of new solutions (homegrown, open source and new vendor alternatives). The Senior Manager will also advise and deliver actionable insights that will provide value to the business, propose solutions to Evernorth's Senior Leadership and influence Evernorth's strategic use of these models. They will continue the team’s tradition of delivering solid methodological guidance to other teams on appropriate model use and output consumption. These models are key inputs, and the basis of analytics to assess provider performance, customer risk prediction for condition or program interventions and many other uses.

Key Responsibilities

Manage the statistical analysis and fine tuning of current Episode Grouper and Episode Risk prediction model parameters, inputs and outputs.

Serve as methodological SME on multiple aspects of Evernorth’s Episode Groupers/Risk and adjoining Risk Adjustment applications. Maintain awareness of main use cases and stakeholder teams.

Present findings/recommendations to technical and non-technical leaders to drive Evernorth's Episode Grouper and Risk Adjustment strategy.

Lead the team’s innovation efforts of Machine Learning and Deep Learning alternative models for superior performance in various Episode Grouper and Risk model use cases.

Collaborate with the Data Science COE and other teams on Risk model initiatives.

Qualifications

This position requires demonstrated clinical acumen, experience applying rigorous statistical methodology, as well as knowledge of risk adjustment and/or risk prediction models:

Post-Graduate degree in Statistics, Biostatistics, Actuarial or Data Science (Masters or PhD preferred), with significant modelling experience (4+ years preferred) using Python, R or SAS to build Supervised Learning models for predictive purposes.

Proven experience querying (SQL, Hadoop) and applying statistical analysis (Python, R, SAS) to large health claims and clinical data sets as key step prior to modeling. (required)

Prior experience applying Supervised Learning models (Lasso Regression, Classification, other ML and DL) for cost, risk or other outcome predictions (required).

Knowledge of Episode Groupers and Risk Adjustment models (preferred)

Keen eye for methodological and data nuances

Solid verbal communication and consultative skills. Ability to collaborate with technical and non- technical teams/leadership, establish working relationships, and drive business decisions based on sound methodologic points.

3-5 years of Managerial experience (preferred).

Experience working in an Agile/Scrum environment.

If you will be working at home occasionally or permanently, the internet connection must be obtained through a cable broadband or fiber optic internet service provider with speeds of at least 10Mbps download/5Mbps upload.

For this position, we anticipate offering an annual salary of 116,900 - 194,800 USD / yearly, depending on relevant factors, including experience and geographic location.

This role is also anticipated to be eligible to participate in an annual bonus plan.

We want you to be healthy, balanced, and feel secure. That’s why you’ll enjoy a comprehensive range of benefits, with a focus on supporting your whole health. Starting on day one of your employment, you’ll be offered several health-related benefits including medical, vision, dental, and well-being and behavioral health programs. We also offer 401(k) with company match, company paid life insurance, tuition reimbursement, a minimum of 18 days of paid time off per year and paid holidays. For more details on our employee benefits programs, visit Life at Cigna .

About Cigna
Cigna Corporation exists to improve lives. We are a global health service company dedicated to improving the health, well-being and peace of mind of those we serve. Together, with colleagues around the world, we aspire to transform health services, making them more affordable and accessible to millions. Through our unmatched expertise, bold action, fresh ideas and an unwavering commitment to patient-centered care, we are a force of health services innovation. When you work with us, or one of our subsidiaries, you’ll enjoy meaningful career experiences that enrich people’s lives. What difference will you make?

Qualified applicants will be considered without regard to race, color, age, disability, sex, childbirth (including pregnancy) or related medical conditions including but not limited to lactation, sexual orientation, gender identity or expression, veteran or military status, religion, national origin, ancestry, marital or familial status, genetic information, status with regard to public assistance, citizenship status or any other characteristic protected by applicable equal employment opportunity laws.

If you require reasonable accommodation in completing the online application process, please email: SeeYourself@cigna.com for support. Do not email SeeYourself@cigna.com for an update on your application or to provide your resume as you will not receive a response.

Cigna has a tobacco-free policy and reserves the right not to hire tobacco/nicotine users in states where that is legally permissible. Candidates in such states who use tobacco/nicotine will not be considered for employment unless they enter a qualifying smoking cessation program prior to the start of their employment. These states include: Alabama, Alaska, Arizona, Arkansas, Delaware, Florida, Georgia, Hawaii, Idaho, Iowa, Kansas, Maryland, Massachusetts, Michigan, Nebraska, Ohio, Pennsylvania, Texas, Utah, Vermont, and Washington State."
16,"MANAGER, DATA SCIENCE ENGINEERING",DraftKings,"Dublin, CA+1 location",4.3,PostedPosted 12 days ago,,"Ideally, you have experience as a team leader on a data science team where you were responsible for overseeing all aspects of data science technical projects,…",https://www.indeed.com/rc/clk?jk=5d81d728b7c95200&fccid=2b2d6f212948082d&vjs=3,"DUBLIN - SCHOOL HOUSE LANE
ENGINEERING
PM_JR5352
FULL TIME
At DraftKings, we're inspired by our shared passion for developing creative solutions to complex challenges and empowering the people around us to do their best work. We are industry leaders in the digital entertainment and technology space and are propelled by constant curiosity and diverse perspectives.
Building the Possibilities:

Our team comprises sports modelling experts and data science technologists, coming together to develop innovative DS products that deliver incremental value on the Sportsbook platform at DraftKings. As part of this role, you will be a proven leader, creative thinker, utilizing data, machine learning, and software development skills to craft high-impact solutions that grow the business.
WHAT YOU'LL DO AS A DATA SCIENCE MANAGER:
Manage a squad of sports modellers as they develop, test and deploy sports models and sportsbook applications to production
Take ownership for the design, development, maintenance and testing strategy of sports models
Collaborate with business leads across Sportsbook and Engineering to define milestones and deliverables for new sports models or enhancements to existing models
Contribute to the architecture and design of DS projects and strategic initiatives, with specific focus on quality, stability, and efficiency
Mentor and lead design and knowledge transfer sessions, ensuring other engineers within data science deliver high quality work
WHAT YOU'LL BRING:
Ideally, you have experience as a team leader on a data science team where you were responsible for overseeing all aspects of data science technical projects, including development and deployment, and then monitoring of how those applications perform in production
Highly proficient in at least one programming language, ideally Python with a strong understanding of object-orientated programming principles
Experience with AWS based services and infrastructure; ideally with AWS ML tools
Experience with typical DevOps flows, such as containerisation and monitoring
Experience with Kubernetes and Kafka are very desirable
Understanding of Sportsbook products will be considered an asset
Excellent communication & organizations skills with the ability to articulate key business information quickly and effectively
PhD, Masters or Bachelor’s degree in STEM fields
Keen interest in sports
#LI-CG2
JOIN US!
Our teams are fueled by innovation. We are looking ahead, building what’s next, and continuously reinventing the industry. We’re a publicly traded (NASDAQ: DKNG) technology company headquartered in Boston, with teams around the world and an expanding global presence.
We strive to create a place where all feel safe, empowered, engaged, championed, and inspired. DraftKings is proud to be an equal opportunity employer. This means we do not tolerate discrimination of any kind and are committed to providing equal employment opportunities regardless of your gender identity, race, nationality, religion, sexual orientation, status as a protected veteran, or status as an individual with a disability.
READY TO BUILD WHAT’S NEXT? APPLY NOW.
As a regulated gaming company, you may be required to obtain a gaming license issued by the appropriate state agency as a condition of employment."
17,Data Scientist,ADG Tech Consulting,Remote,,PostedPosted 2 days ago,From $60 an hour,"Provide high-level data and AI/ML subject matter expertise to inform strategic communications and project planning.
The Ideal Candidate Must Have: *.",https://www.indeed.com/company/ADG-Tech-Consulting/jobs/Data-Scientist-83f23d0b04d9b105?fccid=f6f9ec5c5bfc99ba&vjs=3,"Position: Mid-level AI/Machine Learning Engineer
Customer: USCIS
Clearance: US Citizenship with ability to obtain Secret clearance
Job Responsibilities Include:
Building and maintaining an AI/ML Use Case Inventory of current and potential AI/ML use cases.
Developing, communicating, and executing high-level strategy for agency-wide AI/ML adoption to include the maturation of an existing AI/ML Center of Excellence.
Collaborating with business unit representatives to mature the use of AI/ML within their respective organizations.
Identifying unrealized opportunities for AI/ML application and developing the business case for each opportunity.
Provide high-level data and AI/ML subject matter expertise to inform strategic communications and project planning.
Enthusiastically and intelligently advocating for the use of AI/ML.
The Ideal Candidate Must Have:
Experience with SQL, Python and ML development
Strong analytical skills and data analysis experience
Experience with some of the popular Machine Learning / Data Science frameworks and libraries such as Microsoft Cognitive Services, ML.Net, Azure ML, Keras, Matplotlib, NumPy, Scipy, Scikit-Learn, Pandas, PyTorch, TensorFlow
Experience in Data Pipeline / Data flow
A strategic--level view of the steps necessary to take an agency-wide AI/ML capability from ideation to realization including work with AI/ML or related Centers of Excellence.
Experience with AI/ML use case inventory development and collection from diverse business divisions and components.
Ability to communicate AI/ML and advanced data concepts clearly and effortlessly to senior stakeholders with varying levels of technical understanding.
Nice to have - HTML5, C#, ASP.NET, REST, and JavaScript/jQuery skills, Synapse and Azure
Job Type: Full-time
Salary: From $60.00 per hour
Schedule:
8 hour shift
Work Location: Remote"
18,Director of CRM & Data Analytics,Ambassador Theatre Group,"New York, NY 10036 (Hell's Kitchen area)",3.7,PostedPosted 13 days ago,"$130,000 - $140,000 a year","Collaborate with central team data science, insight and CRM teams to employ insight, segmentations and models to improve personalization and targeting of CRM…",https://www.indeed.com/rc/clk?jk=2c74a47ca7c1be80&fccid=10b9f0a386e74039&vjs=3,"POSITION: Director of CRM & Data Analytics
LOCATION: New York
HOURS: Full Time
COMPENSATION: $130K - $140K per Annum

CRM VISION:
ATG will tailor each interaction with every customer to enhance their experience and earn their lifetime loyalty

COMMERCIAL OBJECTIVES
Migrate all venues to one CRM System, delivering significant savings in platform overheads
Replicate the UK FY24 $3m CRM incremental EBITDA target in the US through leveraging the enhanced data and automation tools

NUMBER OF REPORTS
Direct: 2 (CRM Manager in place and Data Analyst, to be recruited)
Indirect (venues): 14 CRM executives across 16 North American venues

KEY RESPONIBILITIES:
Responsible for maximizing the value we derive from our data and CRM.
To own and evolve a strategy with the venue marketing and central expert teams to best utilize the new capabilities, identify opportunities, fill gaps, and continue to develop our audience insight and marketing effectiveness
Implement a testing and reporting discipline to continuously improve or CRM performance
Collaborate with central team data science, insight and CRM teams to employ insight, segmentations and models to improve personalization and targeting of CRM whilst keeping our keeping our customers fully engaged
Work on a daily basis with venue marketing teams to enable them to fully utilize the tools at their disposal, optimize the value created through their CRM and develop their audience and market understanding
Improve the CRM lifecycle and reduce churn by developing panoramic views of our customers and working with our digital and CRM teams to develop and test propositions and journeys.
Bring together data to constantly improve our understanding of our customers, modelling the impact of deploying various strategies and building the case for additional investment where required
Collaborate across the business to make Customer Insight core to decision making
Be an active part of our global CRM, Data and Insight community as we build new capability and realize synergies across disciplines

CANDIDATE PROFILE:
Essential
A track record of improving the value created through Data and CRM
Demonstrated ability to influence and drive change throughout the organization
A collaborative approach with the ability to work across and influence multiple stakeholders
Experience of working with Data Science and CRM teams to implement personalization and automation strategies
Very strong analytical skills with ability to ‘make sense’ of data from disparate sources
Familiar with communicating and collaborating with technical and non-technical colleagues and stakeholders
Customer obsessed

Desirable
Data visualization and storytelling skills
Python skills.

BENEFITS
401k, competitive healthcare,

Nothing beats the energy and excitement of a great live performance. That’s why our mission is to bring the very best in music, theater, comedy, and more, to the largest possible number of people. Since 1992, we’ve grown to be a world leader in live entertainment. 10 million people a year attend live performances at one of our 50 iconic venues across North America, the United Kingdom and Germany. That number keeps growing. We partner with the world’s top creative talent and present critically acclaimed productions which have won more than 80 Tony and Olivier Awards over the years. We also operate some of the world’s most popular theatre ticketing sites, with 11 million and counting customers getting their tickets directly from us.
People are at the heart of our success. Our core values - Passionate, Smart, Collaborative and Ambitious – are about our people. Thousands of people work for ATG worldwide and it’s their passion and commitment that allows us to create great live entertainment experiences.
Learn more about ATG, visit www.atg.co.uk/

ATG’s Inclusion, Diversity, Equity, & Access Mission Statement

A Stage for Everyone
Our stages are a platform for compelling stories – stories that are for all, by all, and of all. We shine our spotlight on our differences and believe that understanding and celebrating these differences makes us better global citizens. We are passionate about the pursuit of true diversity and equality. We strive to make our venues beacons of these ideals in our communities. Onstage and off, we hold ourselves accountable for nurturing an inclusive culture, one in which everyone can bring their authentic selves. At ATG, we provide a stage for everyone."
19,Software Engineer,Ezoic,"Carlsbad, CA 92009 (Bressi Ranch area)+1 location",4.5,EmployerActive 11 days ago,,"More experienced engineers are encouraged.
Collaborate with senior engineers to design features.
Ezoic is a VC-backed Google Certified Publishing Partner, is an…",https://www.indeed.com/pagead/clk?mo=r&ad=-6NYlbfkN0D0pzMgtNUWpzn8X5XVkObFKyvooyIGCFK59PHkyYz6-aLralnZOip8wJTPJMsb-V6dm6yqjmE1Ov8bZkTBKexSeBz0wCtgnhRCqrRnmaN3WjyQjaznmVdsOB7AbX84_gnqsOJG6G_BCJwV9DdhkeTLgTcL4KpbVrdgHm8cmT5VdU4AC18iWBAyVfFERyzDnkTaNbZQhksv6gClaN6gO5CFBHz6QSy1Xac6z8UvHWnPHL2_O-c7kvW5KpTlYbs4_KRoXr01nnFrV29oHtNj-Jty1LuxcPPfNyKn6N8ij3UEUK-BFOLaPlDYkBQl_C7b6FceLtJk8ofDPR7SCvQ1CMIBG9rEvui26O4_Gh9VkegiK3uYgHUr4lMb2Bm-uj-aX545nyHH63aiUllmq0533SZO2GNOvRtwE48KYmj_oflSrPWN-ZFTeT3svGPuYht98JxU3_BztxXwxbiZo5hgSMYUBPFhpttq444bX256rm2Cdw6azbdFyZkHg7g0bQvGPupkiPwW9TmKApwMgoqs-kGXvOURdqmCAKtMxITMiQADYewdA5-3UBvKkl9FUBDmxev4W9DZpuXLWw==&xkcb=SoDA-_M3WK2taBw9QZ0IbzkdCdPP&p=14&fvj=0&vjs=3,"Click here to learn more about the Software Engineer hiring process (https://www.ezoic.com/software-engineer-hiring-process/)

Ezoic offers a dynamic and unique opportunity for self-motivated individuals who desire a fast-paced and flexible work culture. As a company, we value creative solutions from all and empower employees to explore their professional passions.
We're currently looking for a Software Engineer to join our dynamic team to work hybrid from our Carlsbad, CA, office.
About the role
Your contributions will have a meaningful and visible impact on the company on a daily basis. You will be building tools for three distinct audiences:
Our publishers, providing tools to control and customize their sites and provide feedback on key performance metrics from the artificial intelligence engine.
Our users, creating widgets and features used across thousands of sites to provide advanced functionality, which will be automatically enabled or disabled via the Ezoic engine at a granular level.
The Ezoic team, providing access to data and features to allow the team to analyze performance, identify issues, and make changes to manage site performance.
Key responsibilities
Take basic ideas for features and turn them into finished products.
Use Go, Node, or PHP to build new products and features.
Utilize appropriate AWS cloud services to deliver high-performance applications.
Suggest and implement improvements to existing features.
Construct innovative and responsive user interfaces.
Write comprehensive unit tests.
Test your own features for quality and deploy them when they are ready.
Collaborate with senior engineers to design features.
What's needed for success
Must have at least 2+ years of relevant software engineering work experience.
More experienced engineers are encouraged. Compensation increases with experience.
B.S. Computer Science or related.
Experience with at least one of: Go / Swift / Java / Python / or PHP.
Experience with a javascript framework (We use Vue.js), HTML, and CSS.
Web application development experience is a plus.
A drive to solve problems.
Life as an Ezoic Engineer
Ezoic is a technology-first company. Our CEO is a developer by trade, and our engineers are given all the tools needed to succeed. Here at Ezoic, our engineers are empowered to make a lot of their own decisions about both design and implementation and we encourage them to come up with new ideas to improve the application. We also aim to keep a balanced approach to work-life integration, based on our philosophy that happy engineers are more productive. We want you to be working on something that you are passionate about and allow engineers to move around to keep things fresh. Ezoic also has a Mentor Program, and we match you with someone more senior than you to go to for technical advice and help set you up for success in your new role.
What Ezoic offers
Ezoic offers a unique work opportunity, following a modified self-organization model. This means we don't have unnecessary bureaucracy, micromanagement, or emphasis on a hierarchy. Instead, we focus on contributions and results, empowering employees to have the autonomy to decide how to do their jobs best. Ezoic balances diligent work, giving back to our communities, and enjoying personal time. We are committed to supporting humanity and the world around us through paid volunteer time.
All employees have unlimited PTO and company-paid holidays, flexible work schedule, comprehensive benefits, retirement savings with company-match, generous parental leave, and wellness perks.

Additionally, for those who work onsite at the office, employees can enjoy company-sponsored lunch 3x per week, a dog-friendly environment and fresh air with opportunities to decompress utilizing our fitness room, massage chairs, or lavish game room. We also have various snacks and drinks including a tap for kombucha, cold brew coffee, and local microbrews.
More about Ezoic
Ezoic is a VC-backed Google Certified Publishing Partner, is an easy-to-use, yet incredibly sophisticated machine learning platform that allows digital publishers to automatically test content, layouts, and ads to enhance user experience and increase digital revenue. The Ezoic Ad Tester solution won the Google Business Innovation Award in 2016.
Ezoic is a global company committed to an inclusive environment, employing a diverse workforce that represents the world we live in. Qualified applicants will receive consideration without regard to race, color, religion, sex, national origin, ancestry, age, sexual orientation, gender identity, gender expression, veteran status, physical or mental disability, medical condition, marital status, or other applicable legally protected status or characteristics.
Interested?
We look forward to receiving your resume. Don't meet every single requirement? Studies have shown that women and people of color are less likely to apply to jobs unless they meet every single qualification. At Ezoic we are dedicated to building a diverse and authentic workplace, so if you're excited about this role and our dynamic company but your past experience doesn't align perfectly with every qualification in the job description, we encourage you to apply anyways. You may be just the right candidate for this or other roles

#ZR"
20,"Manager, Data Science","The American Occupational Therapy Association, Inc","Hybrid remote in North Bethesda, MD 20852",,PostedPosted 30+ days ago,,"Collaborate with members, project/program managers, and other teams to turn data into critical information and knowledge that can be used to make sound…",https://www.indeed.com/rc/clk?jk=ec14a41e6347b2c6&fccid=985eb0385d788777&vjs=3,"The American Occupational Therapy Association (AOTA), the national professional association established in 1917 to represent the interests and concerns of occupational therapy practitioners and students, is seeking a Manager, Data Science. Occupational therapy practitioners believe everyone deserves to maximize their potential and participate in everyday living. AOTA advances occupational therapy practice, education, and research through standard setting and advocacy on behalf of its members, the profession, and the public.
AOTA offers a comprehensive compensation and benefits package, including a flexible hybrid work environment, a 401k contribution, health insurance, sick leave and paid vacation leave, a transportation subsidy, and much more.

POSITION SUMMARY:
The Manager, Data Science, plays a central role in AOTA’s strategic planning, business development, and member engagement efforts by uncovering key insights from our data. He, she, or they are responsible for leveraging expertise by guiding internal teams to devise appropriate measurements and metrics to make data-informed decisions and drive business solutions.

POSITION SPECIFIC DUTIES:
Identify internal and external data sources that provide business value and decision points for the association, including content, services, products, and marketing data.
Manage AOTA’s advanced data analysis process and techniques.
Leverage AOTA data to increase engagement across our members and stakeholders.
Uncover insights hidden in our vast repository of raw data and provide tactical guidance on how to act on findings.
Use data to improve the decision-making of our employees and ultimately to enhance the experience of our members and stakeholders.
Collaborate with members, project/program managers, and other teams to turn data into critical information and knowledge that can be used to make sound organizational decisions.
Propose innovative ways to look at AOTA business imperatives by using data mining approaches on the set of information available.
Model the AOTA culture values throughout the workplace and employ them in all interactions with peers, managers, volunteers, members, and other stakeholders.
Actively address components of workplace culture that impede organizational and individual effectiveness in a manner consistent with the organization’s values.
Proactively provide coaching, feedback, and guidance to your colleagues that demonstrates AOTA’s commitment to investing in their human capital
Embrace diversity and work proactively with peers, and senior leadership to foster an equitable and inclusive workplace.
Other duties as assigned."
21,"Senior Lead Data Systems Engineer (Broomfield, Littleton or Denver CO)",Lumen,"Littleton, CO 80120",3.5,PostedPosted 30+ days ago,"$100,440 - $223,680 a year","Experience with traditional data warehouse data structures.
Experience with data pipelines using Confluent Kafka.
10+ years of related experience.",https://www.indeed.com/pagead/clk?mo=r&ad=-6NYlbfkN0BGKj2dVRoMy2japSZrYRM8IJNi6D13enLCCRY5KIhxigb2ni9doBXKUb107NWv_dmX6aLP-ZYBZm0GymJ5yJjiP2o5QGsYGjzoXP5ncuGZGt062KuV5iiEyL5rssPfWSQvaaREbZ_8aa58SixHHn7yb5TNr6DbWWMypOTBIB8hVtWHffAONDonKywBr_XfQwqk4s9GYcRF0LJrY7PEjjA_Ipa5i7CitYaKFF-EL6CUYpmaW2P6XCmbR5Z9i2b_dc_nIfq_XhaXDv3UQcK0xEu9ix9G7u-sWTcyqqK1uYrg-oWG06OxdWOBq2N-alxoStIZVm5kvQ6WJCjkz_HgSw4zKA0_mwiLTOWz3BnqgecvkYolOFkUHiUBI6dJTwwZRJwveUYwSbZDpDvcGBo67gVZ3FfpEJQyPTa7OfpvZQNsaOF9Jv3mk0cUqoOgxneva3Kwf-CYCeZ7__0xe8sR2gXCHEvA2fbc_tk44f-fYeDKsKc37izYigOOvl_tELiCxuyzbC_jgauLg4Hi5VEdI1Q9mxBwAS4d2ovv0eztUZqIfrp7RCn6perBjPAoGq5qh7vWF65i8MeG4PYvdlz3hqCgWClgWOOcxZwyqRHKGnDJ-MV9mr-u9GTq6Po-TLgbt_a4wCIZrEqsCCgdbmxYmHRxAgrjcyzEXRAaSoWYupJCJe2hB-Yjn9UBQzG6SsPgdNkHBk0gEHwRE_JB2KJ6HCKe4nJDieRWRhfPLwXgHDFiIfVaYwa4n4jCCRGvvP4m2CJk1C8XHdlVQvDPIrwUmVo3Nc7M4gPumRYppF6Z3x6vcO4sXO_2vg4vrTB5QxszrrV5MH65VqHStRMQu2Ea39brMe2nMwxzAQjABbJ96EH19G1hO86xEqBHwSUjy5Bff05qG6wiB35eceOSCs_U_pQyoTCzlW5TcTNA2GddSm3it48DDCmiPg_OUgbZGt-nlcbxIJDc3xRhvLs8vkLiEbrE745lR5aTDM9pf_X36Q0A1QGGaeEt4IrSHML1rquZ3CLQ4d3C_UNH8YQIgTQIGtBBYZrzu9WEErMtymcWW7KgcxSqGc3G_mpBtdGaS6ZGs86yHKjPIoctesKFWA1MS6z0kJNTz-wv_VlkFdBGpcF83wBuUiAJA33z1x8-UWVXoj6F8ET2mEk6KK7lG8OeR4Yb_YVESGrRpxqmWQ0BsdfAC0oPNBgVr_fW47oSdbtdGoJjsjk_MEc0lf1ohbvZAYv79C1Z7AomtsQgpSiyyEfoAMgEEzqodW3RAOxz471iPmDyftEkT-oDHKM5mNSSE8yk&xkcb=SoAJ-_M3WLMJN933WZ0LbzkdCdPP&p=14&fvj=0&vjs=3,"About Lumen
Lumen is guided by our belief that humanity is at its best when technology advances the way we live and work. With 450,000 route fiber miles serving customers in more than 60 countries, we deliver the fastest, most secure global platform for applications and data to help businesses, government and communities deliver amazing experiences. Learn more about Lumen’s network, edge cloud, security and communication and collaboration solutions and our purpose to further human progress through technology at news.lumen.com, LinkedIn: /lumentechnologies, Twitter: @lumentechco, Facebook: /lumentechnologies, Instagram: @lumentechnologies and YouTube: /lumentechnologies.
The Role
Lead a portion of a program effort to translate the client's business requirements into specific data systems, applications, or process designs and deliver innovative business consulting, business process design, systems integration, and support application design. Exercise latitude to translate the needs of the business into system capabilities in the form of system requirement specifications. Understand and support the data architecture with the ability and expertise to develop an overall solution to support the architectural direction. Perform research and development activities to support future IT business strategies.
The Main Responsibilities
Evaluate complex SQL queries
Perform basic Data modeling in complex data environments
Work in Finance ERP programs such as Oracle Finance or SAP
Translate business requirements into data solutions and development features
Discover, capture, and correlate business processes with data flows
Diagram data flow and relate all aspects to business requirements and development efforts
Analyze data from vari
